{
"music_disc.c418.music_disc.11": {
    "sounds": [
      {
        "name": "minecraft:records/11",
        "stream": true
      }
    ]
  },
"music_disc.c418.music_disc.13": {
    "sounds": [
      {
        "name": "minecraft:records/13",
        "stream": true
      }
    ]
  },
"music_disc.c418.music_disc.blocks": {
    "sounds": [
      {
        "name": "minecraft:records/blocks",
        "stream": true
      }
    ]
  },
"music_disc.c418.music_disc.cat": {
    "sounds": [
      {
        "name": "minecraft:records/cat",
        "stream": true
      }
    ]
  },
"music_disc.c418.music_disc.chirp": {
    "sounds": [
      {
        "name": "minecraft:records/chirp",
        "stream": true
      }
    ]
  },
"music_disc.c418.music_disc.far": {
    "sounds": [
      {
        "name": "minecraft:records/far",
        "stream": true
      }
    ]
  },
"music_disc.c418.music_disc.mall": {
    "sounds": [
      {
        "name": "minecraft:records/mall",
        "stream": true
      }
    ]
  },
"music_disc.c418.music_disc.mellohi": {
    "sounds": [
      {
        "name": "minecraft:records/mellohi",
        "stream": true
      }
    ]
  },
"music_disc.c418.music_disc.stal": {
    "sounds": [
      {
        "name": "minecraft:records/stal",
        "stream": true
      }
    ]
  },
"music_disc.c418.music_disc.strad": {
    "sounds": [
      {
        "name": "minecraft:records/strad",
        "stream": true
      }
    ]
  },
"music_disc.c418.music_disc.wait": {
    "sounds": [
      {
        "name": "minecraft:records/wait",
        "stream": true
      }
    ]
  },
"music_disc.c418.music_disc.ward": {
    "sounds": [
      {
        "name": "minecraft:records/ward",
        "stream": true
      }
    ]
  },
"music_disc.lena_raine.music_disc.creator_music_box": {
    "sounds": [
      {
        "name": "minecraft:records/creator_music_box",
        "stream": true
      }
    ]
  },
"music_disc.lena_raine.music_disc.creator": {
    "sounds": [
      {
        "name": "minecraft:records/creator",
        "stream": true
      }
    ]
  },
"music_disc.lena_raine.music_disc.otherside": {
    "sounds": [
      {
        "name": "minecraft:records/otherside",
        "stream": true
      }
    ]
  },
"music_disc.lena_raine.music_disc.pigstep": {
    "sounds": [
      {
        "name": "minecraft:records/pigstep",
        "stream": true
      }
    ]
  },
"music_disc.aaron_cherof.music_disc.precipice": {
    "sounds": [
      {
        "name": "minecraft:records/precipice",
        "stream": true
      }
    ]
  },
"music_disc.aaron_cherof.music_disc.relic": {
    "sounds": [
      {
        "name": "minecraft:records/relic",
        "stream": true
      }
    ]
  },
"music_disc.samuel_aberg.music_disc.5": {
    "sounds": [
      {
        "name": "minecraft:records/5",
        "stream": true
      }
    ]
  },
"music_disc.jungle.for_ever.heavy_california": {
    "sounds": [
      {
        "name": "muziek:plaat/jungle/for_ever/heavy_california",
        "stream": true
      }
    ]
  },
"music_disc.far_cry_5.soundtrack.amazing_grace": {
    "sounds": [
      {
        "name": "muziek:plaat/far_cry_5/soundtrack/amazing_grace",
        "stream": true
      }
    ]
  },
"music_disc.red_hot_chili_peppers.greatest_hits.fortune_faded": {
    "sounds": [
      {
        "name": "muziek:plaat/red_hot_chili_peppers/greatest_hits/fortune_faded",
        "stream": true
      }
    ]
  },
"music_disc.red_hot_chili_peppers.californication.around_the_world": {
    "sounds": [
      {
        "name": "muziek:plaat/red_hot_chili_peppers/californication/around_the_world",
        "stream": true
      }
    ]
  },
"music_disc.red_hot_chili_peppers.californication.parallel_universe": {
    "sounds": [
      {
        "name": "muziek:plaat/red_hot_chili_peppers/californication/parallel_universe",
        "stream": true
      }
    ]
  },
"music_disc.red_hot_chili_peppers.californication.scar_tissue": {
    "sounds": [
      {
        "name": "muziek:plaat/red_hot_chili_peppers/californication/scar_tissue",
        "stream": true
      }
    ]
  },
"music_disc.red_hot_chili_peppers.californication.otherside": {
    "sounds": [
      {
        "name": "muziek:plaat/red_hot_chili_peppers/californication/otherside",
        "stream": true
      }
    ]
  },
"music_disc.red_hot_chili_peppers.californication.get_on_top": {
    "sounds": [
      {
        "name": "muziek:plaat/red_hot_chili_peppers/californication/get_on_top",
        "stream": true
      }
    ]
  },
"music_disc.red_hot_chili_peppers.californication.californication": {
    "sounds": [
      {
        "name": "muziek:plaat/red_hot_chili_peppers/californication/californication",
        "stream": true
      }
    ]
  },
"music_disc.red_hot_chili_peppers.californication.easily": {
    "sounds": [
      {
        "name": "muziek:plaat/red_hot_chili_peppers/californication/easily",
        "stream": true
      }
    ]
  },
"music_disc.red_hot_chili_peppers.californication.porcelain": {
    "sounds": [
      {
        "name": "muziek:plaat/red_hot_chili_peppers/californication/porcelain",
        "stream": true
      }
    ]
  },
"music_disc.red_hot_chili_peppers.californication.emit_remmus": {
    "sounds": [
      {
        "name": "muziek:plaat/red_hot_chili_peppers/californication/emit_remmus",
        "stream": true
      }
    ]
  },
"music_disc.red_hot_chili_peppers.californication.i_like_dirt": {
    "sounds": [
      {
        "name": "muziek:plaat/red_hot_chili_peppers/californication/i_like_dirt",
        "stream": true
      }
    ]
  },
"music_disc.red_hot_chili_peppers.californication.this_velvet_glove": {
    "sounds": [
      {
        "name": "muziek:plaat/red_hot_chili_peppers/californication/this_velvet_glove",
        "stream": true
      }
    ]
  },
"music_disc.red_hot_chili_peppers.californication.savior": {
    "sounds": [
      {
        "name": "muziek:plaat/red_hot_chili_peppers/californication/savior",
        "stream": true
      }
    ]
  },
"music_disc.red_hot_chili_peppers.californication.purple_stain": {
    "sounds": [
      {
        "name": "muziek:plaat/red_hot_chili_peppers/californication/purple_stain",
        "stream": true
      }
    ]
  },
"music_disc.red_hot_chili_peppers.californication.right_on_time": {
    "sounds": [
      {
        "name": "muziek:plaat/red_hot_chili_peppers/californication/right_on_time",
        "stream": true
      }
    ]
  },
"music_disc.red_hot_chili_peppers.californication.road_trippin": {
    "sounds": [
      {
        "name": "muziek:plaat/red_hot_chili_peppers/californication/road_trippin",
        "stream": true
      }
    ]
  },
"music_disc.red_hot_chili_peppers.return_of_the_dream_canteen.tippa_my_tongue": {
    "sounds": [
      {
        "name": "muziek:plaat/red_hot_chili_peppers/return_of_the_dream_canteen/tippa_my_tongue",
        "stream": true
      }
    ]
  },
"music_disc.red_hot_chili_peppers.return_of_the_dream_canteen.peace__love": {
    "sounds": [
      {
        "name": "muziek:plaat/red_hot_chili_peppers/return_of_the_dream_canteen/peace__love",
        "stream": true
      }
    ]
  },
"music_disc.red_hot_chili_peppers.return_of_the_dream_canteen.reach_out": {
    "sounds": [
      {
        "name": "muziek:plaat/red_hot_chili_peppers/return_of_the_dream_canteen/reach_out",
        "stream": true
      }
    ]
  },
"music_disc.red_hot_chili_peppers.return_of_the_dream_canteen.eddie": {
    "sounds": [
      {
        "name": "muziek:plaat/red_hot_chili_peppers/return_of_the_dream_canteen/eddie",
        "stream": true
      }
    ]
  },
"music_disc.red_hot_chili_peppers.return_of_the_dream_canteen.fake_as_fuk": {
    "sounds": [
      {
        "name": "muziek:plaat/red_hot_chili_peppers/return_of_the_dream_canteen/fake_as_fuk",
        "stream": true
      }
    ]
  },
"music_disc.red_hot_chili_peppers.return_of_the_dream_canteen.bella": {
    "sounds": [
      {
        "name": "muziek:plaat/red_hot_chili_peppers/return_of_the_dream_canteen/bella",
        "stream": true
      }
    ]
  },
"music_disc.red_hot_chili_peppers.return_of_the_dream_canteen.roulette": {
    "sounds": [
      {
        "name": "muziek:plaat/red_hot_chili_peppers/return_of_the_dream_canteen/roulette",
        "stream": true
      }
    ]
  },
"music_disc.red_hot_chili_peppers.return_of_the_dream_canteen.my_cigarette": {
    "sounds": [
      {
        "name": "muziek:plaat/red_hot_chili_peppers/return_of_the_dream_canteen/my_cigarette",
        "stream": true
      }
    ]
  },
"music_disc.red_hot_chili_peppers.return_of_the_dream_canteen.afterlife": {
    "sounds": [
      {
        "name": "muziek:plaat/red_hot_chili_peppers/return_of_the_dream_canteen/afterlife",
        "stream": true
      }
    ]
  },
"music_disc.red_hot_chili_peppers.return_of_the_dream_canteen.shoot_me_a_smile": {
    "sounds": [
      {
        "name": "muziek:plaat/red_hot_chili_peppers/return_of_the_dream_canteen/shoot_me_a_smile",
        "stream": true
      }
    ]
  },
"music_disc.red_hot_chili_peppers.return_of_the_dream_canteen.handful": {
    "sounds": [
      {
        "name": "muziek:plaat/red_hot_chili_peppers/return_of_the_dream_canteen/handful",
        "stream": true
      }
    ]
  },
"music_disc.red_hot_chili_peppers.return_of_the_dream_canteen.the_drummer": {
    "sounds": [
      {
        "name": "muziek:plaat/red_hot_chili_peppers/return_of_the_dream_canteen/the_drummer",
        "stream": true
      }
    ]
  },
"music_disc.red_hot_chili_peppers.return_of_the_dream_canteen.bag_of_grins": {
    "sounds": [
      {
        "name": "muziek:plaat/red_hot_chili_peppers/return_of_the_dream_canteen/bag_of_grins",
        "stream": true
      }
    ]
  },
"music_disc.red_hot_chili_peppers.return_of_the_dream_canteen.la_la_la_la_la_la_la_la": {
    "sounds": [
      {
        "name": "muziek:plaat/red_hot_chili_peppers/return_of_the_dream_canteen/la_la_la_la_la_la_la_la",
        "stream": true
      }
    ]
  },
"music_disc.red_hot_chili_peppers.return_of_the_dream_canteen.copperbelly": {
    "sounds": [
      {
        "name": "muziek:plaat/red_hot_chili_peppers/return_of_the_dream_canteen/copperbelly",
        "stream": true
      }
    ]
  },
"music_disc.red_hot_chili_peppers.return_of_the_dream_canteen.carry_me_home": {
    "sounds": [
      {
        "name": "muziek:plaat/red_hot_chili_peppers/return_of_the_dream_canteen/carry_me_home",
        "stream": true
      }
    ]
  },
"music_disc.red_hot_chili_peppers.return_of_the_dream_canteen.in_the_snow": {
    "sounds": [
      {
        "name": "muziek:plaat/red_hot_chili_peppers/return_of_the_dream_canteen/in_the_snow",
        "stream": true
      }
    ]
  },
"music_disc.red_hot_chili_peppers.return_of_the_dream_canteen.the_shape_im_takin": {
    "sounds": [
      {
        "name": "muziek:plaat/red_hot_chili_peppers/return_of_the_dream_canteen/the_shape_im_takin",
        "stream": true
      }
    ]
  }
}