{
"music_disc.c418.music_disc.11": {
    "sounds": [
      {
        "name": "minecraft:records/11",
        "stream": true
      }
    ]
  },
"music_disc.c418.music_disc.13": {
    "sounds": [
      {
        "name": "minecraft:records/13",
        "stream": true
      }
    ]
  },
"music_disc.c418.music_disc.blocks": {
    "sounds": [
      {
        "name": "minecraft:records/blocks",
        "stream": true
      }
    ]
  },
"music_disc.c418.music_disc.cat": {
    "sounds": [
      {
        "name": "minecraft:records/cat",
        "stream": true
      }
    ]
  },
"music_disc.c418.music_disc.chirp": {
    "sounds": [
      {
        "name": "minecraft:records/chirp",
        "stream": true
      }
    ]
  },
"music_disc.c418.music_disc.far": {
    "sounds": [
      {
        "name": "minecraft:records/far",
        "stream": true
      }
    ]
  },
"music_disc.c418.music_disc.mall": {
    "sounds": [
      {
        "name": "minecraft:records/mall",
        "stream": true
      }
    ]
  },
"music_disc.c418.music_disc.mellohi": {
    "sounds": [
      {
        "name": "minecraft:records/mellohi",
        "stream": true
      }
    ]
  },
"music_disc.c418.music_disc.stal": {
    "sounds": [
      {
        "name": "minecraft:records/stal",
        "stream": true
      }
    ]
  },
"music_disc.c418.music_disc.strad": {
    "sounds": [
      {
        "name": "minecraft:records/strad",
        "stream": true
      }
    ]
  },
"music_disc.c418.music_disc.wait": {
    "sounds": [
      {
        "name": "minecraft:records/wait",
        "stream": true
      }
    ]
  },
"music_disc.c418.music_disc.ward": {
    "sounds": [
      {
        "name": "minecraft:records/ward",
        "stream": true
      }
    ]
  },
"music_disc.lena_raine.music_disc.creator_music_box": {
    "sounds": [
      {
        "name": "minecraft:records/creator_music_box",
        "stream": true
      }
    ]
  },
"music_disc.lena_raine.music_disc.creator": {
    "sounds": [
      {
        "name": "minecraft:records/creator",
        "stream": true
      }
    ]
  },
"music_disc.lena_raine.music_disc.otherside": {
    "sounds": [
      {
        "name": "minecraft:records/otherside",
        "stream": true
      }
    ]
  },
"music_disc.lena_raine.music_disc.pigstep": {
    "sounds": [
      {
        "name": "minecraft:records/pigstep",
        "stream": true
      }
    ]
  },
"music_disc.aaron_cherof.music_disc.precipice": {
    "sounds": [
      {
        "name": "minecraft:records/precipice",
        "stream": true
      }
    ]
  },
"music_disc.aaron_cherof.music_disc.relic": {
    "sounds": [
      {
        "name": "minecraft:records/relic",
        "stream": true
      }
    ]
  },
"music_disc.samuel_aberg.music_disc.5": {
    "sounds": [
      {
        "name": "minecraft:records/5",
        "stream": true
      }
    ]
  }
}